{
  "interactive-discover-1": {
    "v0": {
      "n_results": 6,
      "n_http_requests": 133,
      "execution_time": {
        "average": 3445.1669424199995,
        "min": 3003.5728189999936,
        "max": 4197.584004999997,
        "std": 298.03550889044914
      }
    },
    "v1": {
      "n_results": 4,
      "n_http_requests": 25,
      "execution_time": {
        "average": 735.2106457800005,
        "min": 678.9523509999999,
        "max": 782.9711109999917,
        "std": 23.687852000411066
      }
    },
    "v2": {
      "n_results": 1,
      "n_http_requests": 23,
      "execution_time": {
        "average": 605.5428208599999,
        "min": 566.838002000004,
        "max": 646.7000950000074,
        "std": 22.018643153802692
      }
    },
    "v3": {
      "n_results": 14,
      "n_http_requests": 230,
      "execution_time": {
        "average": 4233.324298759999,
        "min": 3654.970272999999,
        "max": 5088.511207000003,
        "std": 323.2779099127506
      }
    },
    "v4": {
      "n_results": 8,
      "n_http_requests": 115,
      "execution_time": {
        "average": 3769.71661768,
        "min": 2938.153431999992,
        "max": 4470.964577999999,
        "std": 419.22686186195676
      }
    }
  },
  "interactive-discover-2": {
    "v0": {
      "n_results": 66,
      "n_http_requests": 133,
      "execution_time": {
        "average": 3986.3220961,
        "min": 3519.8660200000013,
        "max": 4879.150523999997,
        "std": 387.668731369001
      }
    },
    "v1": {
      "n_results": 46,
      "n_http_requests": 25,
      "execution_time": {
        "average": 871.4645619799988,
        "min": 805.8693689999927,
        "max": 961.397398000001,
        "std": 37.20260295872241
      }
    },
    "v2": {
      "n_results": 32,
      "n_http_requests": 23,
      "execution_time": {
        "average": 689.5692363999999,
        "min": 648.525496000002,
        "max": 747.4009959999967,
        "std": 26.179298321181616
      }
    },
    "v3": {
      "n_results": 198,
      "n_http_requests": 230,
      "execution_time": {
        "average": 4810.23293498,
        "min": 4284.029926999996,
        "max": 5606.817035,
        "std": 346.33561785487643
      }
    },
    "v4": {
      "n_results": 98,
      "n_http_requests": 115,
      "execution_time": {
        "average": 4331.304570480001,
        "min": 3796.9312900000077,
        "max": 5201.967810000002,
        "std": 390.86634522935583
      }
    }
  },
  "interactive-discover-3": {
    "v0": {
      "n_results": 71,
      "n_http_requests": 259,
      "execution_time": {
        "average": 3575.987947940001,
        "min": 2986.948596999995,
        "max": 4910.0708589999995,
        "std": 473.04560558509763
      }
    },
    "v1": {
      "n_results": 67,
      "n_http_requests": 153,
      "execution_time": {
        "average": 2261.9650205800003,
        "min": 1739.4693220000045,
        "max": 2748.990625000006,
        "std": 327.24681410928974
      }
    },
    "v2": {
      "n_results": 55,
      "n_http_requests": 107,
      "execution_time": {
        "average": 1652.1962442399995,
        "min": 1336.0372490000009,
        "max": 1899.183514000004,
        "std": 162.4659371752538
      }
    },
    "v3": {
      "n_results": 203,
      "n_http_requests": 436,
      "execution_time": {
        "average": 6006.082199459998,
        "min": 5527.60944,
        "max": 6843.92725600001,
        "std": 273.1126539688571
      }
    },
    "v4": {
      "n_results": 142,
      "n_http_requests": 266,
      "execution_time": {
        "average": 4491.8673821799985,
        "min": 3178.466306999995,
        "max": 5845.7838950000005,
        "std": 605.4215628546496
      }
    }
  },
  "interactive-discover-4": {
    "v0": {
      "n_results": 5,
      "n_http_requests": 163,
      "execution_time": {
        "average": 3704.692473399999,
        "min": 3156.188753999988,
        "max": 4659.391642999995,
        "std": 400.64112968949513
      }
    },
    "v1": {
      "n_results": 3,
      "n_http_requests": 41,
      "execution_time": {
        "average": 952.0913220800009,
        "min": 864.2541659999988,
        "max": 1053.9533780000056,
        "std": 64.00038088790821
      }
    },
    "v2": {
      "n_results": 3,
      "n_http_requests": 37,
      "execution_time": {
        "average": 811.2020341399996,
        "min": 728.3777660000051,
        "max": 910.7525109999988,
        "std": 48.30585579452322
      }
    },
    "v3": {
      "n_results": 3,
      "n_http_requests": 230,
      "execution_time": {
        "average": 3860.65695832,
        "min": 3633.4443790000078,
        "max": 4340.1390729999985,
        "std": 186.73840657815262
      }
    },
    "v4": {
      "n_results": 7,
      "n_http_requests": 64,
      "execution_time": {
        "average": 1280.3809738599991,
        "min": 1119.322512999992,
        "max": 1469.3800939999928,
        "std": 94.52446673698194
      }
    }
  },
  "interactive-discover-5": {
    "v0": {
      "n_results": 15,
      "n_http_requests": 133,
      "execution_time": {
        "average": 2822.937112,
        "min": 2274.0273860000016,
        "max": 3555.739530000006,
        "std": 416.5348454143174
      }
    },
    "v1": {
      "n_results": 3,
      "n_http_requests": 25,
      "execution_time": {
        "average": 508.1160265800008,
        "min": 472.8387190000067,
        "max": 548.8773890000011,
        "std": 16.79518727094868
      }
    },
    "v2": {
      "n_results": 3,
      "n_http_requests": 23,
      "execution_time": {
        "average": 430.4699972999998,
        "min": 406.4040619999869,
        "max": 461.0075990000041,
        "std": 15.074432429133639
      }
    },
    "v3": {
      "n_results": 4,
      "n_http_requests": 230,
      "execution_time": {
        "average": 3302.0456865,
        "min": 3035.0331460000016,
        "max": 3543.1865980000002,
        "std": 165.35733790851813
      }
    },
    "v4": {
      "n_results": 20,
      "n_http_requests": 115,
      "execution_time": {
        "average": 3229.33859998,
        "min": 2334.518504000007,
        "max": 3699.2435499999992,
        "std": 396.36529449280107
      }
    }
  },
  "interactive-discover-6": {
    "v0": {
      "timeout": 120000
    },
    "v1": {
      "n_results": 1,
      "n_http_requests": 25,
      "execution_time": {
        "average": 647.9964333400002,
        "min": 607.3221259999991,
        "max": 736.2868920000037,
        "std": 27.35231113200265
      }
    },
    "v2": {
      "n_results": 1,
      "n_http_requests": 23,
      "execution_time": {
        "average": 529.4541479000001,
        "min": 494.3019170000043,
        "max": 569.499502000006,
        "std": 17.11441960401158
      }
    },
    "v3": {
      "timeout": 120000
    },
    "v4": {
      "n_results": 27,
      "n_http_requests": 125,
      "execution_time": {
        "average": 4710.610874159997,
        "min": 4089.9883580000023,
        "max": 5154.599875,
        "std": 266.923584073275
      }
    }
  },
  "interactive-discover-7": {
    "v0": {
      "timeout": 120000
    },
    "v1": {
      "n_results": 1,
      "n_http_requests": 26,
      "execution_time": {
        "average": 685.8286543599987,
        "min": 621.5421079999942,
        "max": 746.9153749999969,
        "std": 28.79840186223194
      }
    },
    "v2": {
      "n_results": 1,
      "n_http_requests": 24,
      "execution_time": {
        "average": 564.3189185000004,
        "min": 532.5957530000014,
        "max": 605.5555850000092,
        "std": 20.630960244886587
      }
    },
    "v3": {
      "timeout": 120000
    },
    "v4": {
      "n_results": 1,
      "n_http_requests": 125,
      "execution_time": {
        "average": 4122.510633399997,
        "min": 3604.4210459999886,
        "max": 4611.112500000003,
        "std": 287.0872240887989
      }
    }
  },